Date,FB US Equity,IBM US Equity,AAPL US Equity
5/17/2012,38,197.89,75.7314
5/18/2012,38.232,195.88,75.7686
5/21/2012,34.03,197.76,80.1829
5/22/2012,31,196.82,79.5671
5/23/2012,32,196.12,81.5086
5/24/2012,33.03,196.09,80.76
5/25/2012,31.91,194.3,80.3271
5/29/2012,28.84,196.46,81.7529
5/30/2012,28.19,194.53,82.7386
5/31/2012,29.6,192.9,82.5329
6/1/2012,27.72,189.08,80.1414
6/4/2012,26.9,188.54,80.6129
6/5/2012,25.869,189.2,80.4043
6/6/2012,26.81,193.99,81.6371
6/7/2012,26.31,194.44,81.6743
6/8/2012,27.1,195.14,82.9029
6/11/2012,27.005,192.51,81.5957
6/12/2012,27.4,194.55,82.3086
6/13/2012,27.27,193.1,81.7371
6/14/2012,28.29,195.1,81.6471
6/15/2012,30.014,199.1,82.0186
6/18/2012,31.41,198.29,83.6829
6/19/2012,31.911,198.93,83.9157
6/20/2012,31.6,198.78,83.6773
6/21/2012,31.84,193.39,82.5243
6/22/2012,33.05,193.7,83.1571
6/25/2012,32.06,192.86,81.5379
6/26/2012,33.1,191.95,81.7179
6/27/2012,32.23,193,82.0714
6/28/2012,31.36,191.4,81.2929
6/29/2012,31.095,195.58,83.4286
7/2/2012,30.771,195.83,84.6457
7/3/2012,31.2,195.93,85.63
7/5/2012,31.47,195.29,87.1343
7/6/2012,31.73,191.41,86.5543
7/9/2012,32.17,189.67,87.6986
7/10/2012,31.47,186.26,86.8871
7/11/2012,30.97,185.25,86.3471
7/12/2012,30.81,183.09,85.5571
7/13/2012,30.72,186.01,86.4243
7/16/2012,28.245,184.79,86.7014
7/17/2012,28.09,183.65,86.7057
7/18/2012,29.11,188.25,86.6086
7/19/2012,29,195.34,87.76
7/20/2012,28.76,192.45,86.3286
7/23/2012,28.75,190.83,86.2614
7/24/2012,28.45,190.34,85.8457
7/25/2012,29.34,191.08,82.1386
7/26/2012,26.845,193.95,82.1257
7/27/2012,23.705,196.39,83.5943
7/30/2012,23.15,196.68,85.0043
7/31/2012,21.71,195.98,87.2514
8/1/2012,20.88,195.18,86.6871
8/2/2012,20.04,194.45,86.8271
8/3/2012,21.09,198.52,87.9571
8/6/2012,21.92,198.76,88.9357
8/7/2012,20.72,199.93,88.702
8/8/2012,20.72,199.03,88.5514
8/9/2012,21.01,198.42,88.6757
8/10/2012,21.807,199.29,88.8143
8/13/2012,21.6,199.01,90
8/14/2012,20.38,198.29,90.2414
8/15/2012,21.2,198.4,90.1186
8/16/2012,19.87,200.84,90.9057
8/17/2012,19.05,201.22,92.5871
8/20/2012,20.011,200.5,95.0214
8/21/2012,19.159,198.65,93.7231
8/22/2012,19.439,197.25,95.5529
8/23/2012,19.44,195.7,94.6614
8/24/2012,19.409,197.77,94.746
8/27/2012,19.15,195.69,96.5257
8/28/2012,19.34,194.87,96.4
8/29/2012,19.1,195.08,96.2094
8/30/2012,19.089,193.37,94.8383
8/31/2012,18.058,194.85,95.0343
9/4/2012,17.729,194.54,96.4243
9/5/2012,18.58,195.04,95.7471
9/6/2012,18.96,199.1,96.61
9/7/2012,18.98,199.5,97.2057
9/10/2012,18.81,200.95,94.6771
9/11/2012,19.43,203.27,94.37
9/12/2012,20.931,203.77,95.6843
9/13/2012,20.713,206.36,97.5686
9/14/2012,22,206.81,98.7543
9/17/2012,21.52,207.15,99.9687
9/18/2012,21.87,207.07,100.2729
9/19/2012,23.29,206.43,100.3
9/20/2012,22.59,206.18,99.8143
9/21/2012,22.86,205.98,100.0136
9/24/2012,20.79,205.29,98.6843
9/25/2012,20.28,204.98,96.22
9/26/2012,20.62,204,95.0257
9/27/2012,20.32,205.91,97.3314
9/28/2012,21.66,207.45,95.3007
10/1/2012,21.99,210.47,94.1986
10/2/2012,22.27,209.84,94.4729
10/3/2012,21.83,210.51,95.9214
10/4/2012,21.948,210.39,95.2571
10/5/2012,20.91,210.59,93.2271
10/8/2012,20.4,209.82,91.1671
10/9/2012,20.227,207.99,90.8357
10/10/2012,19.64,205.82,91.5586
10/11/2012,19.75,205.76,89.7286
10/12/2012,19.518,207.8,89.9591
10/15/2012,19.52,208.93,90.68
10/16/2012,19.48,211,92.8275
10/17/2012,19.88,200.63,92.0877
10/18/2012,18.975,194.96,90.3771
10/19/2012,19,193.36,87.12
10/22/2012,19.321,194.4,90.5757
10/23/2012,19.5,191.25,87.6222
10/24/2012,23.23,190.72,88.1186
10/25/2012,22.56,191.6,87.0769
10/26/2012,21.943,193.27,86.2857
10/31/2012,21.11,194.53,85.0457
11/1/2012,21.21,197.15,85.22
11/2/2012,21.18,193.43,82.4
11/5/2012,21.25,194.14,83.5173
11/6/2012,21.171,195.07,83.2642
11/7/2012,20.47,191.16,79.7146
11/8/2012,19.99,190.1,76.8214
11/9/2012,19.21,189.64,78.1514
11/12/2012,20.07,189.25,77.5471
11/13/2012,19.86,188.32,77.5569
11/14/2012,22.36,185.51,76.6971
11/15/2012,22.17,185.85,75.0886
11/16/2012,23.561,186.94,75.3826
11/19/2012,22.92,190.35,80.8186
11/20/2012,23.1,189.2,80.1305
11/21/2012,24.32,190.29,80.2429
11/23/2012,23.998,193.49,81.6429
11/26/2012,25.94,192.88,84.2186
11/27/2012,26.15,191.23,83.54
11/28/2012,26.36,191.98,83.2771
11/29/2012,27.32,191.53,84.1943
11/30/2012,28,190.07,83.6114
12/3/2012,27.04,189.48,83.7414
12/4/2012,27.46,189.36,82.2636
12/5/2012,27.71,188.65,76.9703
12/6/2012,26.97,189.7,78.1778
12/7/2012,27.485,191.95,76.1786
12/10/2012,27.84,192.62,75.6887
12/11/2012,27.98,194.2,77.3411
12/12/2012,27.58,192.95,77
12/13/2012,28.24,191.99,75.67
12/14/2012,26.812,191.76,72.8277
12/17/2012,26.75,193.62,74.1186
12/18/2012,27.71,195.69,76.2714
12/19/2012,27.41,195.08,75.1871
12/20/2012,27.36,194.77,74.5329
12/21/2012,26.26,193.42,74.19
12/24/2012,26.93,192.4,74.3097
12/26/2012,26.51,191.95,73.2856
12/27/2012,26.05,192.71,73.58
12/28/2012,25.911,189.83,72.7985
12/31/2012,26.62,191.55,76.0247
1/2/2013,28,196.35,78.4329
1/3/2013,27.77,195.27,77.4423
1/4/2013,28.76,193.99,75.2857
1/7/2013,29.421,193.14,74.8429
1/8/2013,29.061,192.87,75.0443
1/9/2013,30.59,192.32,73.8714
1/10/2013,31.3,192.88,74.7871
1/11/2013,31.72,194.45,74.3286
1/14/2013,30.948,192.62,71.6786
1/15/2013,30.1,192.5,69.4171
1/16/2013,29.85,192.59,72.2986
1/17/2013,30.14,193.65,71.8114
1/18/2013,29.66,194.47,71.4286
1/22/2013,30.729,196.08,72.11
1/23/2013,30.82,204.72,73.4293
1/24/2013,31.08,204.42,64.3571
1/25/2013,31.54,204.97,62.84
1/28/2013,32.469,204.93,64.2614
1/29/2013,30.79,203.9,65.4671
1/30/2013,31.24,203.52,65.2614
1/31/2013,30.981,203.07,65.07
2/1/2013,29.73,205.18,64.8029
2/4/2013,28.109,203.79,63.188
2/5/2013,28.64,202.79,65.4063
2/6/2013,29.05,201.02,65.3357
2/7/2013,28.65,199.74,66.8886
2/8/2013,28.545,201.68,67.8543
2/11/2013,28.26,200.16,68.5614
2/12/2013,27.37,200.04,66.8429
2/13/2013,27.908,200.09,66.7157
2/14/2013,28.5,199.65,66.6557
2/15/2013,28.32,200.98,65.7371
2/19/2013,28.93,200.32,65.7129
2/20/2013,28.462,199.31,64.1214
2/21/2013,27.283,198.33,63.7229
2/22/2013,27.13,201.09,64.4014
2/25/2013,27.27,197.51,63.2571
2/26/2013,27.39,199.14,64.1386
2/27/2013,26.87,202.33,63.51
2/28/2013,27.25,200.83,63.0571
3/1/2013,27.78,202.91,61.4957
3/4/2013,27.72,205.19,60.0071
3/5/2013,27.52,206.53,61.592
3/6/2013,27.453,208.38,60.8089
3/7/2013,28.578,209.42,61.5117
3/8/2013,27.96,210.38,61.6743
3/11/2013,28.14,210.08,62.5529
3/12/2013,27.83,210.55,61.2043
3/13/2013,27.08,212.06,61.1929
3/14/2013,27.04,215.8,61.7857
3/15/2013,26.645,214.92,63.38
3/18/2013,26.49,213.21,65.1029
3/19/2013,26.55,213.44,64.9271
3/20/2013,25.86,215.06,64.5829
3/21/2013,25.74,212.26,64.6757
3/22/2013,25.73,212.08,65.9871
3/25/2013,25.131,210.74,66.2257
3/26/2013,25.205,212.36,65.8766
3/27/2013,26.09,210.89,64.5829
3/28/2013,25.58,213.3,63.2371
4/1/2013,25.53,212.38,61.2729
4/2/2013,25.42,214.36,61.3989
4/3/2013,26.25,212.66,61.7129
4/4/2013,27.073,211.31,61.1029
4/5/2013,27.39,209.41,60.4571
4/8/2013,26.849,209.32,60.8871
4/9/2013,26.59,209.22,60.9971
4/10/2013,27.57,212,62.2414
4/11/2013,28.018,212.92,62.0471
4/12/2013,27.4,211.38,61.4
4/15/2013,26.52,209.26,59.9786
4/16/2013,26.92,212,60.8914
4/17/2013,26.625,209.67,57.5429
4/18/2013,25.69,207.15,56.0071
4/19/2013,25.73,190,55.79
4/22/2013,25.97,187.83,56.9529
4/23/2013,25.98,191.61,58.0186
4/24/2013,26.11,191.71,57.9231
4/25/2013,26.14,193.95,58.34
4/26/2013,26.85,194.31,59.6007
4/29/2013,26.98,199.15,61.4457
4/30/2013,27.769,202.54,63.2543
5/1/2013,27.43,199.63,62.7557
5/2/2013,28.97,202.39,63.6457
5/3/2013,28.311,204.51,64.2829
5/6/2013,27.57,202.78,65.8157
5/7/2013,26.889,203.63,65.5226
5/8/2013,27.12,204.82,66.2629
5/9/2013,27.04,203.24,65.2529
5/10/2013,26.68,204.47,64.71
5/13/2013,26.82,202.47,64.9629
5/14/2013,27.07,203.21,63.4086
5/15/2013,26.6,203.32,61.2643
5/16/2013,26.13,204.69,62.0826
5/17/2013,26.25,208.44,61.8943
5/20/2013,25.759,207.6,63.2757
5/21/2013,25.66,208.65,62.8086
5/22/2013,25.159,206.99,63.0506
5/23/2013,25.06,206.16,63.1629
5/24/2013,24.313,205.72,63.5929
5/28/2013,24.1,207.78,63.0627
5/29/2013,23.32,207.92,63.5643
5/30/2013,24.55,209.36,64.5114
5/31/2013,24.348,208.02,64.2479
6/3/2013,23.848,208.95,64.3886
6/4/2013,23.52,206.19,64.1871
6/5/2013,22.899,202.74,63.5871
6/6/2013,22.97,203.8,62.6371
6/7/2013,23.291,206.35,63.1159
6/10/2013,24.33,205.02,62.6986
6/11/2013,24.03,203.98,62.5143
6/12/2013,23.77,201.2,61.7414
6/13/2013,23.73,203.77,62.2807
6/14/2013,23.63,202.2,61.4357
6/17/2013,24.022,203.04,61.7143
6/18/2013,24.21,204.87,61.6814
6/19/2013,24.309,201.94,60.4286
6/20/2013,23.9,197.35,59.5483
6/21/2013,24.53,195.46,59.0714
6/24/2013,23.935,193.54,57.5057
6/25/2013,24.25,194.98,57.5186
6/26/2013,24.16,194.86,56.8671
6/27/2013,24.66,195.65,56.2543
6/28/2013,24.88,191.11,56.6471
7/1/2013,24.81,191.28,58.46
7/2/2013,24.41,191.5,59.7843
7/3/2013,24.52,193.25,60.1143
7/5/2013,24.37,194.93,59.6314
7/8/2013,24.71,194.98,59.2929
7/9/2013,25.48,191.3,60.3357
7/10/2013,25.8,192.25,60.1043
7/11/2013,25.81,192.8,61.0411
7/12/2013,25.91,192.07,60.93
7/15/2013,26.28,194,61.0629
7/16/2013,26.32,193.85,61.4564
7/17/2013,26.65,194.55,61.4729
7/18/2013,26.18,197.99,61.6797
7/19/2013,25.881,193.54,60.7071
7/22/2013,26.045,194.09,60.9014
7/23/2013,26.13,194.98,59.8557
7/24/2013,26.51,196.61,62.93
7/25/2013,34.359,197.22,62.6429
7/26/2013,34.01,197.35,62.9986
7/29/2013,35.43,196.21,63.97
7/30/2013,37.627,196.01,64.76
7/31/2013,36.8,195.04,64.6471
8/1/2013,37.489,195.81,65.2394
8/2/2013,38.05,195.16,66.0771
8/5/2013,39.189,195.5,67.0643
8/6/2013,38.55,190.99,66.4643
8/7/2013,38.87,188.56,66.4257
8/8/2013,38.54,187.93,65.8586
8/9/2013,38.5,187.82,64.9214
8/12/2013,38.22,189.09,66.7657
8/13/2013,37.019,188.42,69.9386
8/14/2013,36.65,187.53,71.2143
8/15/2013,36.56,185.79,71.13
8/16/2013,37.08,185.34,71.7614
8/19/2013,37.81,184.23,72.5343
8/20/2013,38.41,184.56,71.5814
8/21/2013,38.32,184.86,71.7657
8/22/2013,38.55,185.19,71.8514
8/23/2013,40.55,185.42,71.5743
8/26/2013,41.34,184.74,71.8529
8/27/2013,39.64,182.74,69.7986
8/28/2013,40.548,182.16,70.128
8/29/2013,41.28,182.64,70.2429
8/30/2013,41.294,182.27,69.6023
9/3/2013,41.87,183.96,69.7971
9/4/2013,41.78,183.13,71.2416
9/5/2013,42.66,184.15,70.7529
9/6/2013,43.95,183.03,71.1743
9/9/2013,44.04,184.98,72.31
9/10/2013,43.6,186.6,70.6629
9/11/2013,45.04,190.7,66.8157
9/12/2013,44.75,190.73,67.5271
9/13/2013,44.31,192.17,66.4143
9/16/2013,42.51,193.15,64.3029
9/17/2013,45.07,192.16,65.0457
9/18/2013,45.23,194.42,66.3829
9/19/2013,45.98,193.39,67.4714
9/20/2013,47.49,190.02,66.7729
9/23/2013,47.19,190.99,70.0914
9/24/2013,48.45,189.97,69.8714
9/25/2013,49.46,189.47,68.79
9/26/2013,50.39,190.22,69.46
9/27/2013,51.24,186.92,68.9643
9/30/2013,50.23,185.18,68.1071
10/1/2013,50.42,186.38,69.7086
10/2/2013,50.28,184.96,69.9371
10/3/2013,49.183,183.86,69.0586
10/4/2013,51.04,184.1,69.0043
10/7/2013,50.515,182.01,69.6786
10/8/2013,47.14,178.72,68.7057
10/9/2013,46.77,181.32,69.5126
10/10/2013,49.05,184.77,69.9483
10/11/2013,49.11,186.16,70.4017
10/14/2013,49.51,186.97,70.8629
10/15/2013,49.5,184.66,71.24
10/16/2013,51.135,186.73,71.5877
10/17/2013,52.21,174.83,72.0714
10/18/2013,54.22,173.78,72.6986
10/21/2013,53.85,172.86,74.4803
10/22/2013,52.675,174.97,74.2668
10/23/2013,51.9,175.77,74.9943
10/24/2013,52.445,177.8,75.9871
10/25/2013,51.95,176.85,75.1369
10/28/2013,50.229,177.35,75.6966
10/29/2013,49.395,182.12,73.8111
10/30/2013,49.01,180.15,74.9851
10/31/2013,50.205,179.21,74.6717
11/1/2013,49.75,179.23,74.29
11/4/2013,48.22,180.27,75.25
11/5/2013,50.105,177.85,75.0641
11/6/2013,49.12,179.19,74.4171
11/7/2013,47.56,180,73.2131
11/8/2013,47.53,179.99,74.3657
11/11/2013,46.2,182.88,74.1497
11/12/2013,46.605,183.07,74.2871
11/13/2013,48.71,183.55,74.3763
11/14/2013,48.99,182.21,75.4514
11/15/2013,49.01,183.19,74.9987
11/18/2013,45.83,184.47,74.0899
11/19/2013,46.36,185.25,74.2214
11/20/2013,46.43,185.19,73.5714
11/21/2013,46.7,184.13,74.448
11/22/2013,46.23,181.3,74.2571
11/25/2013,44.82,178.94,74.82
11/26/2013,45.89,177.31,76.2
11/27/2013,46.49,178.97,77.9943
11/29/2013,47.01,179.68,79.4386
12/2/2013,47.06,177.48,78.7471
12/3/2013,46.73,176.08,80.9031
12/4/2013,48.62,175.74,80.7143
12/5/2013,48.34,176.08,81.1287
12/6/2013,47.94,177.67,80.0029
12/9/2013,48.84,177.46,80.9186
12/10/2013,50.245,177.12,80.7929
12/11/2013,49.38,175.2,80.1943
12/12/2013,51.83,173.37,80.0771
12/13/2013,53.32,172.8,79.2043
12/16/2013,53.81,177.85,79.6429
12/17/2013,54.86,175.76,79.2843
12/18/2013,55.57,178.7,78.6814
12/19/2013,55.05,180.22,77.78
12/20/2013,55.12,180.02,78.4314
12/23/2013,57.77,182.23,81.4414
12/24/2013,57.96,183.22,81.0957
12/26/2013,57.73,185.35,80.5571
12/27/2013,55.44,185.08,80.0129
12/30/2013,53.71,186.41,79.2171
12/31/2013,54.649,187.57,80.1457
1/2/2014,54.71,185.53,79.0186
1/3/2014,54.557,186.64,77.2829
1/6/2014,57.2,186,77.7043
1/7/2014,57.92,189.71,77.1482
1/8/2014,58.23,187.97,77.6371
1/9/2014,57.22,187.38,76.6456
1/10/2014,57.94,187.26,76.1343
1/13/2014,55.91,184.16,76.5329
1/14/2014,57.74,185.92,78.0557
1/15/2014,57.6,187.74,79.6229
1/16/2014,57.19,188.76,79.1786
1/17/2014,56.3,190.09,77.2386
1/21/2014,58.51,188.43,78.4386
1/22/2014,57.51,182.25,78.7871
1/23/2014,56.63,182.73,79.4543
1/24/2014,54.45,179.64,78.01
1/27/2014,53.55,177.9,78.6429
1/28/2014,55.14,176.85,72.3571
1/29/2014,53.53,176.4,71.5357
1/30/2014,61.08,177.36,71.3974
1/31/2014,62.57,176.68,71.5143
2/3/2014,61.48,172.9,71.6471
2/4/2014,62.75,172.84,72.6843
2/5/2014,62.19,174.24,73.2271
2/6/2014,62.16,174.67,73.2157
2/7/2014,64.32,177.25,74.24
2/10/2014,63.548,177.14,75.57
2/11/2014,64.851,179.7,76.5657
2/12/2014,64.45,180.24,76.56
2/13/2014,67.33,181.84,77.7757
2/14/2014,67.09,183.69,77.7129
2/18/2014,67.3,183.19,77.9986
2/19/2014,68.06,182.95,76.7671
2/20/2014,69.63,184.26,75.8786
2/21/2014,68.59,182.79,75.0357
2/24/2014,70.78,183.45,75.3643
2/25/2014,69.85,183.23,74.58
2/26/2014,69.26,184.06,73.9071
2/27/2014,68.94,185.27,75.3814
2/28/2014,68.46,185.17,75.1771
3/3/2014,67.41,184.26,75.3943
3/4/2014,68.8,186.44,75.8914
3/5/2014,71.57,187.14,76.0514
3/6/2014,70.84,187.64,75.8214
3/7/2014,69.8,187.68,75.7771
3/10/2014,72.03,186.39,75.8457
3/11/2014,70.1,186.76,76.5843
3/12/2014,70.88,186.22,76.6586
3/13/2014,68.83,183.9,75.8071
3/14/2014,67.72,182.21,74.9557
3/17/2014,68.74,185.81,75.2486
3/18/2014,69.19,186.81,75.9143
3/19/2014,68.24,184.71,75.8943
3/20/2014,66.97,187.9,75.5286
3/21/2014,67.24,186.67,76.1243
3/24/2014,64.1,188.25,77.0271
3/25/2014,64.89,195.04,77.8557
3/26/2014,60.385,192.62,77.1114
3/27/2014,60.97,189.83,76.78
3/28/2014,60.01,190.45,76.6943
3/31/2014,60.24,192.49,76.6771
4/1/2014,62.62,194.5,77.3786
4/2/2014,62.72,193.55,77.5071
4/3/2014,59.49,192.69,76.97
4/4/2014,56.749,191.77,75.9743
4/7/2014,56.95,194.52,74.7814
4/8/2014,58.19,193.29,74.7771
4/9/2014,62.41,196.64,75.76
4/10/2014,59.16,195.68,74.7829
4/11/2014,58.53,195.19,74.23
4/14/2014,58.89,197.77,74.5257
4/15/2014,59.09,197.02,73.9943
4/16/2014,59.72,196.4,74.1443
4/17/2014,58.94,190.01,74.9914
4/21/2014,61.24,192.27,75.8814
4/22/2014,63.03,192.15,75.957
4/23/2014,61.36,191.73,74.9643
4/24/2014,60.87,190.22,81.11
4/25/2014,57.71,189.63,81.7057
4/28/2014,56.14,193.14,84.87
4/29/2014,58.15,195.11,84.6186
4/30/2014,59.78,196.47,84.2986
5/1/2014,61.15,193.53,84.4971
5/2/2014,60.46,191.44,84.6543
5/5/2014,61.22,191.26,85.8514
5/6/2014,58.53,190.03,84.9157
5/7/2014,57.39,189.3,84.6186
5/8/2014,56.76,188.91,83.9986
5/9/2014,57.24,190.08,83.6489
5/12/2014,59.83,192.57,84.69
5/13/2014,59.83,192.19,84.8229
5/14/2014,59.23,188.72,84.8386
5/15/2014,57.919,186.46,84.1171
5/16/2014,58.02,187.06,85.3586
5/19/2014,59.21,187,86.37
5/20/2014,58.56,184.89,86.3871
5/21/2014,60.49,186.39,86.6157
5/22/2014,60.52,185.68,86.7529
5/23/2014,61.351,185.94,87.7329
5/27/2014,63.48,184.78,89.3757
5/28/2014,63.51,183.08,89.1443
5/29/2014,63.83,183.76,90.7686
5/30/2014,63.3,184.36,90.4286
6/2/2014,63.08,185.69,89.8071
6/3/2014,62.87,184.37,91.0771
6/4/2014,63.34,184.51,92.1171
6/5/2014,63.186,185.98,92.4786
6/6/2014,62.5,186.37,92.2243
6/9/2014,62.88,186.22,93.7
6/10/2014,65.77,184.29,94.25
6/11/2014,65.781,182.25,93.86
6/12/2014,64.29,181.22,92.29
6/13/2014,64.5,182.56,91.28
6/16/2014,64.19,182.35,92.2
6/17/2014,64.4,182.26,92.08
6/18/2014,65.6,183.6,92.18
6/19/2014,64.342,182.82,91.86
6/20/2014,64.5,181.55,90.91
6/23/2014,65.37,182.14,90.83
6/24/2014,65.72,180.88,90.28
6/25/2014,67.44,180.72,90.36
6/26/2014,67.13,180.37,90.9
6/27/2014,67.6,181.71,91.98
6/30/2014,67.29,181.27,92.93
7/1/2014,68.06,186.35,93.52
7/2/2014,66.45,188.39,93.48
7/3/2014,66.29,188.53,94.03
7/7/2014,65.29,188.04,95.968
7/8/2014,62.76,187.22,95.35
7/9/2014,64.97,188.42,95.39
7/10/2014,64.873,187.7,95.035
7/11/2014,66.34,188,95.22
7/14/2014,67.9,189.86,96.45
7/15/2014,67.165,188.49,95.32
7/16/2014,67.66,192.36,94.78
7/17/2014,66.41,192.49,93.0899
7/18/2014,68.42,192.5,94.43
7/21/2014,69.4,190.85,93.939
7/22/2014,69.27,194.09,94.72
7/23/2014,71.29,193.63,97.19
7/24/2014,74.98,195.24,97.03
7/25/2014,75.19,194.4,97.671
7/28/2014,74.92,195.78,99.02
7/29/2014,73.71,194.57,98.38
7/30/2014,74.677,194,98.15
7/31/2014,72.65,191.67,95.6
8/1/2014,72.36,189.15,96.13
8/4/2014,73.51,189.64,95.59
8/5/2014,72.69,187.1,95.12
8/6/2014,72.47,185.97,94.96
8/7/2014,73.17,184.3,94.48
8/8/2014,73.06,186.63,94.74
8/11/2014,73.44,187.47,95.99
8/12/2014,72.83,187.34,95.97
8/13/2014,73.77,187.95,97.24
8/14/2014,74.296,187.88,97.5
8/15/2014,73.63,187.38,97.98
8/18/2014,74.59,189.36,99.16
8/19/2014,75.29,190.07,100.53
8/20/2014,74.81,190.1,100.57
8/21/2014,74.57,191.23,100.58
8/22/2014,74.57,190.41,101.32
8/25/2014,75.02,191.16,101.54
8/26/2014,75.96,192.99,100.889
8/27/2014,74.63,192.25,102.13
8/28/2014,73.855,192,102.25
8/29/2014,74.82,192.3,102.5
9/2/2014,76.68,191.56,103.3
9/3/2014,75.83,191.95,98.94
9/4/2014,75.95,190.68,98.12
9/5/2014,77.26,191.2,98.97
9/8/2014,77.89,190.14,98.36
9/9/2014,76.67,189.99,97.99
9/10/2014,77.43,191.54,101
9/11/2014,77.92,191.72,101.43
9/12/2014,77.48,191.28,101.66
9/15/2014,74.58,191.81,101.63
9/16/2014,76.08,192.96,100.86
9/17/2014,76.43,192.8,101.58
9/18/2014,77,193.75,101.79
9/19/2014,77.91,194,100.96
9/22/2014,76.8,193.11,101.06
9/23/2014,78.29,191.62,102.64
9/24/2014,78.535,192.31,101.75
9/25/2014,77.22,189.01,97.87
9/26/2014,78.79,190.06,100.75
9/29/2014,79,189.64,100.11
9/30/2014,79.04,189.83,100.75
10/1/2014,76.55,187.17,99.18
10/2/2014,77.08,186.91,99.9
10/3/2014,77.44,188.67,99.62
10/6/2014,77.555,189.04,99.62
10/7/2014,76.29,185.71,98.75
10/8/2014,77.52,189.36,100.8
10/9/2014,75.91,186.42,101.02
10/10/2014,72.91,185.93,100.73
10/13/2014,72.99,183.52,99.81
10/14/2014,73.59,183.8,98.75
10/15/2014,73.21,181.75,97.54
10/16/2014,72.63,179.84,96.26
10/17/2014,75.95,182.05,97.67
10/20/2014,76.95,169.1,99.76
10/21/2014,78.69,163.23,102.47
10/22/2014,78.37,161.79,102.99
10/23/2014,80.04,162.18,104.83
10/24/2014,80.67,162.08,105.22
10/27/2014,80.28,161.87,105.11
10/28/2014,80.77,163.6,106.74
10/29/2014,75.86,163.46,107.34
10/30/2014,74.11,164.35,106.98
10/31/2014,74.99,164.4,108
11/3/2014,73.88,164.36,109.4
11/4/2014,75.76,162.65,108.6
11/5/2014,74.83,161.82,108.86
11/6/2014,75.26,161.46,108.7
11/7/2014,75.6,162.07,109.01
11/10/2014,75,163.49,108.83
11/11/2014,74.61,163.3,109.7
11/12/2014,74.72,161.92,111.25
11/13/2014,74.25,162.79,112.82
11/14/2014,74.88,164.16,114.18
11/17/2014,74.24,164.16,113.99
11/18/2014,74.34,161.89,115.47
11/19/2014,73.33,161.43,114.67
11/20/2014,73.6,160.64,116.31
11/21/2014,73.75,160.92,116.47
11/24/2014,74.01,162.15,118.625
11/25/2014,75.63,161.76,117.6
11/26/2014,77.62,161.95,119
11/28/2014,77.7,162.17,118.93
12/1/2014,75.1,161.54,115.07
12/2/2014,75.46,162.67,114.63
12/3/2014,74.88,164.52,115.93
12/4/2014,75.24,164.05,115.49
12/5/2014,76.36,163.27,115
12/8/2014,76.52,161.86,112.4
12/9/2014,76.84,162.99,114.12
12/10/2014,76.18,160.51,111.95
12/11/2014,77.73,161.07,111.62
12/12/2014,77.83,155.38,109.73
12/15/2014,76.99,153.06,108.225
12/16/2014,74.69,151.41,106.745
12/17/2014,76.11,151.93,109.41
12/18/2014,78.4,157.68,112.65
12/19/2014,79.88,158.51,111.78
12/22/2014,81.45,161.44,112.94
12/23/2014,80.61,162.24,112.54
12/24/2014,80.77,161.82,112.01
12/26/2014,80.775,162.34,113.99
12/29/2014,80.02,160.51,113.91
12/30/2014,79.22,160.05,112.52
12/31/2014,78.02,160.44,110.38
1/2/2015,78.45,162.06,109.33
1/5/2015,77.19,159.51,106.25
1/6/2015,76.15,156.07,106.26
1/7/2015,76.15,155.05,107.75
1/8/2015,78.175,158.42,111.89
1/9/2015,77.74,159.11,112.01
1/12/2015,76.72,156.44,109.25
1/13/2015,76.45,156.81,110.22
1/14/2015,76.28,155.8,109.8
1/15/2015,74.05,154.57,106.82
1/16/2015,75.18,157.14,105.99
1/20/2015,76.24,156.95,108.72
1/21/2015,76.74,152.09,109.55
1/22/2015,77.65,155.39,112.4
1/23/2015,77.83,155.87,112.98
1/26/2015,77.495,156.36,113.1
1/27/2015,75.78,153.67,109.14
1/28/2015,76.24,151.55,115.31
1/29/2015,78,155.48,118.9
1/30/2015,75.91,153.31,117.16
2/2/2015,74.99,154.66,118.63
2/3/2015,75.4,158.47,118.65
2/4/2015,75.63,156.96,119.56
2/5/2015,75.615,157.91,119.94
2/6/2015,74.47,156.72,118.93
2/9/2015,74.44,155.75,119.72
2/10/2015,75.19,158.56,122.02
2/11/2015,76.51,158.2,124.88
2/12/2015,76.23,158.52,126.46
2/13/2015,75.74,160.4,127.08
2/17/2015,75.6,160.96,127.83
2/18/2015,76.71,162.19,128.715
2/19/2015,79.42,163.89,128.45
2/20/2015,79.895,163.65,129.495
2/23/2015,78.84,162.91,133
2/24/2015,78.45,164.83,132.17
2/25/2015,79.56,162.81,128.79
2/26/2015,80.41,160.87,130.415
2/27/2015,78.97,161.94,128.46
3/2/2015,79.75,160.48,129.09
3/3/2015,79.6,161.03,129.36
3/4/2015,80.895,159.42,128.54
3/5/2015,81.21,161.18,126.41
3/6/2015,80.005,158.5,126.6
3/9/2015,79.44,160.77,127.14
3/10/2015,77.55,157.81,124.51
3/11/2015,77.57,156.8,122.24
3/12/2015,78.93,157.98,124.45
3/13/2015,78.05,154.28,123.59
3/16/2015,78.07,157.08,124.95
3/17/2015,79.365,156.96,127.04
3/18/2015,80.91,159.81,128.47
3/19/2015,82.75,159.81,127.495
3/20/2015,83.8,162.88,125.9
3/23/2015,84.43,164.63,127.21
3/24/2015,85.31,163,126.69
3/25/2015,82.92,159.2,123.38
3/26/2015,83.01,160.59,124.24
3/27/2015,83.3,160.4,123.25
3/30/2015,83.195,162.67,126.37
3/31/2015,82.215,160.5,124.43
4/1/2015,81.665,159.18,124.25
4/2/2015,81.555,160.45,125.32
4/6/2015,82.44,162.04,127.35
4/7/2015,82.32,162.07,126.01
4/8/2015,82.275,161.85,125.6
4/9/2015,82.17,162.34,126.56
4/10/2015,82.04,162.86,127.1
4/13/2015,83.01,162.38,126.85
4/14/2015,83.515,162.3,126.3
4/15/2015,82.705,164.13,126.78
4/16/2015,82.31,163.13,126.17
4/17/2015,80.775,160.67,124.75
4/20/2015,83.09,166.16,127.6
4/21/2015,83.62,164.26,126.91
4/22/2015,84.63,165.36,128.62
4/23/2015,82.41,170.24,129.67
4/24/2015,81.53,169.78,130.28
4/27/2015,81.91,170.73,132.65
4/28/2015,80.68,173.92,130.56
4/29/2015,80.465,174.4,128.64
4/30/2015,78.77,171.29,125.15
5/1/2015,78.99,173.67,128.95
5/4/2015,78.81,173.97,128.7
5/5/2015,77.56,173.08,125.8
5/6/2015,78.1,170.05,125.01
5/7/2015,78.425,170.99,125.26
5/8/2015,78.51,172.68,127.62
5/11/2015,78.01,171.12,126.32
5/12/2015,77.46,170.55,125.865
5/13/2015,78.44,172.28,126.01
5/14/2015,81.37,174.05,128.95
5/15/2015,80.42,173.26,128.77
5/18/2015,80.88,173.06,130.19
5/19/2015,80.63,173.48,130.07
5/20/2015,80.55,173.76,130.06
5/21/2015,80.48,173.34,131.39
5/22/2015,80.54,172.22,132.54
5/26/2015,79.335,170.13,129.62
5/27/2015,80.55,172,132.045
5/28/2015,80.145,171.71,131.78
5/29/2015,79.19,169.65,130.28
6/1/2015,80.29,170.18,130.535
6/2/2015,80.445,169.65,129.96
6/3/2015,82.44,169.92,130.12
6/4/2015,82.05,168.38,129.36
6/5/2015,82.14,167.4,128.65
6/8/2015,80.67,165.34,127.8
6/9/2015,80.67,165.68,127.42
6/10/2015,82.16,168.92,128.88
6/11/2015,81.83,168.78,128.59
6/12/2015,81.53,166.99,127.17
6/15/2015,80.71,166.26,126.92
6/16/2015,81.06,166.84,127.6
6/17/2015,81.79,167.17,127.3
6/18/2015,82.905,168.25,127.88
6/19/2015,82.51,166.99,126.6
6/22/2015,84.74,167.73,127.61
6/23/2015,87.88,168.62,127.03
6/24/2015,88.86,166.97,128.11
6/25/2015,87.98,166.08,127.5
6/26/2015,88.01,165.46,126.75
6/29/2015,85.8,162.97,124.53
6/30/2015,85.765,162.66,125.425
7/1/2015,86.91,164.49,126.6
7/2/2015,87.285,165.09,126.44
7/6/2015,87.55,164.73,126
7/7/2015,87.22,165,125.69
7/8/2015,85.65,163.16,122.57
7/9/2015,85.88,163.85,120.07
7/10/2015,87.95,166.95,123.28
7/13/2015,90.1,169.38,125.66
7/14/2015,89.68,168.61,125.61
7/15/2015,89.76,168.53,126.82
7/16/2015,90.85,171,128.51
7/17/2015,94.97,172.51,129.62
7/20/2015,97.91,173.22,132.07
7/21/2015,98.39,163.07,130.75
7/22/2015,97.04,160.35,125.22
7/23/2015,95.44,161.73,125.16
7/24/2015,96.95,159.75,124.5
7/27/2015,94.17,159.07,122.77
7/28/2015,95.29,160.05,123.38
7/29/2015,96.99,161.09,122.99
7/30/2015,95.21,160.96,122.37
7/31/2015,94.01,161.99,121.3
8/3/2015,94.14,158.71,118.44
8/4/2015,94.06,157.6,114.64
8/5/2015,96.44,157.9,115.4
8/6/2015,95.12,156.32,115.13
8/7/2015,94.3,155.12,115.52
8/10/2015,94.15,156.75,119.72
8/11/2015,93.62,155.51,113.49
8/12/2015,94.19,156.16,115.24
8/13/2015,93.43,155.07,115.15
8/14/2015,94.42,155.75,115.96
8/17/2015,93.93,156.31,117.16
8/18/2015,95.17,156.01,116.5
8/19/2015,95.31,153.94,115.01
8/20/2015,90.56,152.66,112.65
8/21/2015,86.06,148.85,105.76
8/24/2015,82.09,143.47,103.12
8/25/2015,83,140.96,103.74
8/26/2015,87.19,146.7,109.69
8/27/2015,89.73,148.54,112.92
8/28/2015,91.01,147.98,113.29
8/31/2015,89.43,147.89,112.76
9/1/2015,87.23,142.68,107.72
9/2/2015,89.89,145.05,112.34
9/3/2015,88.15,146.78,110.37
9/4/2015,88.26,143.7,109.27
9/8/2015,89.53,147.23,112.31
9/9/2015,90.44,145.05,110.15
9/10/2015,91.98,146.2,112.57
9/11/2015,92.05,147.37,114.21
9/14/2015,92.31,145.65,115.31
9/15/2015,92.9,147.53,116.28
9/16/2015,93.45,148.41,116.41
9/17/2015,94.34,148.14,113.92
9/18/2015,94.4,144.51,113.45
9/21/2015,95.55,146.48,115.21
9/22/2015,92.96,144.43,113.4
9/23/2015,93.97,143.66,114.32
9/24/2015,94.41,144.41,115
9/25/2015,92.77,145.42,114.71
9/28/2015,89.21,142.52,112.44
9/29/2015,86.67,142.47,109.06
9/30/2015,89.9,144.97,110.3
10/1/2015,90.95,143.59,109.58
10/2/2015,92.07,144.58,110.38
10/5/2015,94.01,149.04,110.78
10/6/2015,92.8,148.78,111.31
10/7/2015,92.4,150.09,110.78
10/8/2015,92.47,152.28,109.5
10/9/2015,93.24,152.39,112.12
10/12/2015,94.26,151.14,111.6
10/13/2015,94.12,149.62,111.79
10/14/2015,94.07,150.01,110.21
10/15/2015,95.96,150.09,111.86
10/16/2015,97.54,150.39,111.04
10/19/2015,98.47,149.22,111.73
10/20/2015,97,140.64,113.77
10/21/2015,97.11,140.92,113.76
10/22/2015,99.67,144.09,115.5
10/23/2015,102.19,144.68,119.08
10/26/2015,103.77,143.66,115.28
10/27/2015,103.7,137.86,114.55
10/28/2015,104.2,140.83,119.27
10/29/2015,104.88,140.55,120.53
10/30/2015,101.97,140.08,119.5
11/2/2015,103.31,140.37,121.18
11/3/2015,102.58,141.88,122.57
11/4/2015,103.94,141.63,122
11/5/2015,108.76,139.89,120.92
11/6/2015,107.095,138.25,121.06
11/9/2015,106.49,135.31,120.57
11/10/2015,107.91,135.47,116.77
11/11/2015,109.01,135.02,116.11
11/12/2015,108.02,133.04,115.72
11/13/2015,103.95,131.75,112.34
11/16/2015,104.04,133.71,114.175
11/17/2015,105.13,133.82,113.69
11/18/2015,107.77,135.82,117.29
11/19/2015,106.26,136.74,118.78
11/20/2015,107.32,138.5,119.3
11/23/2015,106.95,138.46,117.75
11/24/2015,105.74,138.6,118.88
11/25/2015,105.41,138,118.03
11/27/2015,105.45,138.46,117.81
11/30/2015,104.24,139.42,118.3
12/1/2015,107.12,141.28,117.34
12/2/2015,106.07,139.7,116.28
12/3/2015,104.38,138.92,115.2
12/4/2015,106.18,140.43,119.03
12/7/2015,105.61,139.55,118.28
12/8/2015,106.49,138.05,118.23
12/9/2015,104.6,136.61,115.62
12/10/2015,105.42,136.78,116.17
12/11/2015,102.12,134.57,113.18
12/14/2015,104.66,135.93,112.48
12/15/2015,104.55,137.79,110.49
12/16/2015,106.79,139.29,111.34
12/17/2015,106.22,136.75,108.98
12/18/2015,104.04,134.9,106.03
12/21/2015,104.77,135.5,107.33
12/22/2015,105.51,137.93,107.23
12/23/2015,104.63,138.54,108.61
12/24/2015,105.02,138.25,108.03
12/28/2015,105.93,137.61,106.82
12/29/2015,107.26,139.78,108.74
12/30/2015,106.22,139.34,107.32
12/31/2015,104.66,137.62,105.26
1/4/2016,102.22,135.95,105.35
1/5/2016,102.73,135.85,102.71
1/6/2016,102.97,135.17,100.7
1/7/2016,97.92,132.86,96.45
1/8/2016,97.33,131.63,96.96
1/11/2016,97.51,133.23,98.53
1/12/2016,99.37,132.9,99.96
1/13/2016,95.44,131.17,97.39
1/14/2016,98.37,132.91,99.52
1/15/2016,94.97,130.03,97.13
1/19/2016,95.26,128.11,96.66
1/20/2016,94.35,121.86,96.79
1/21/2016,94.16,122.91,96.3
1/22/2016,97.94,122.5,101.42
1/25/2016,97.01,122.08,99.44
1/26/2016,97.34,122.59,99.99
1/27/2016,94.45,120.96,93.42
1/28/2016,109.11,122.22,94.09
1/29/2016,112.21,124.79,97.34
2/1/2016,115.09,124.83,96.43
2/2/2016,114.61,122.94,94.48
2/3/2016,112.69,124.72,96.35
2/4/2016,110.49,127.65,96.6
2/5/2016,104.07,128.57,94.02
2/8/2016,99.75,126.98,95.01
2/9/2016,99.54,124.07,94.99
2/10/2016,101,120.19,94.27
2/11/2016,101.91,117.85,93.7
2/12/2016,102.01,121.04,93.99
2/16/2016,101.61,122.74,96.64
2/17/2016,105.2,126.1,98.12
2/18/2016,103.47,132.45,96.26
2/19/2016,104.57,133.08,96.04
2/22/2016,107.16,133.77,96.88
2/23/2016,105.46,132.4,94.69
2/24/2016,106.88,132.8,96.1
2/25/2016,108.07,134.5,96.76
2/26/2016,107.92,132.03,96.91
2/29/2016,106.92,131.03,96.69
3/1/2016,109.82,134.37,100.53
3/2/2016,109.95,136.3,100.75
3/3/2016,109.58,137.8,101.5
3/4/2016,108.39,137.8,103.01
3/7/2016,105.73,140.15,101.87
3/8/2016,105.93,139.07,101.03
3/9/2016,107.51,140.41,101.12
3/10/2016,107.32,140.19,101.17
3/11/2016,109.41,142.36,102.26
3/14/2016,109.89,142.78,102.52
3/15/2016,110.67,142.96,104.58
3/16/2016,112.18,144.79,105.97
3/17/2016,111.02,147.04,105.8
3/18/2016,111.45,147.09,105.92
3/21/2016,111.85,148.63,105.91
3/22/2016,112.25,148.1,106.72
3/23/2016,112.54,145.4,106.13
3/24/2016,113.05,147.95,105.67
3/28/2016,113.69,148.4,105.19
3/29/2016,116.14,149.33,107.68
3/30/2016,114.7,148.41,109.56
3/31/2016,114.1,151.45,108.99
4/1/2016,116.06,152.52,109.99
4/4/2016,112.55,152.07,111.12
4/5/2016,112.22,150,109.81
4/6/2016,113.71,150.02,110.96
4/7/2016,113.64,148.25,108.54
4/8/2016,110.63,149.35,108.66
4/11/2016,108.99,149.25,109.02
4/12/2016,110.61,149.63,110.44
4/13/2016,110.51,151.23,112.04
4/14/2016,110.84,151.16,112.1
4/15/2016,109.64,151.72,109.85
4/18/2016,110.45,152.53,107.48
4/19/2016,112.29,144,106.91
4/20/2016,112.42,146.11,107.13
4/21/2016,113.44,149.3,105.97
4/22/2016,110.56,148.5,105.68
4/25/2016,110.1,148.81,105.08
4/26/2016,108.76,149.08,104.35
4/27/2016,108.89,150.47,97.82
4/28/2016,116.73,147.07,94.83
4/29/2016,117.58,145.94,93.74
5/2/2016,118.57,145.27,93.64
5/3/2016,117.43,144.13,95.18
5/4/2016,118.06,144.25,94.19
5/5/2016,117.81,146.47,93.24
5/6/2016,119.49,147.29,92.72
5/9/2016,119.24,147.34,92.79
5/10/2016,120.5,149.97,93.42
5/11/2016,119.52,148.95,92.51
5/12/2016,120.28,148.84,90.34
5/13/2016,119.81,147.72,90.52
5/16/2016,118.67,149.46,93.88
5/17/2016,117.35,148,93.49
5/18/2016,117.65,147.34,94.56
5/19/2016,116.81,144.93,94.2
5/20/2016,117.35,147.25,95.22
5/23/2016,115.97,146.77,96.43
5/24/2016,117.7,148.31,97.9
5/25/2016,117.89,151.69,99.62
5/26/2016,119.47,152.44,100.41
5/27/2016,119.38,152.84,100.35
5/31/2016,118.81,153.74,99.86
6/1/2016,118.78,152.51,98.46
6/2/2016,118.93,153.5,97.72
6/3/2016,118.47,152.89,97.92
6/6/2016,118.79,152.73,98.63
6/7/2016,117.76,153.33,99.03
6/8/2016,118.39,154,98.94
6/9/2016,118.56,153.42,99.65
6/10/2016,116.62,152.37,98.83
6/13/2016,113.95,151.28,97.34
6/14/2016,114.94,151.06,97.46
6/15/2016,114.6,150.68,97.14
6/16/2016,114.39,151.06,97.55
6/17/2016,113.02,151.99,95.33
6/20/2016,113.37,153.61,95.1
6/21/2016,114.38,154.05,95.91
6/22/2016,113.91,152.92,95.55
6/23/2016,115.08,155.35,96.1
6/24/2016,112.08,146.59,93.4
6/27/2016,108.97,143.5,92.04
6/28/2016,112.7,145.7,93.59
6/29/2016,114.16,148.46,94.4
6/30/2016,114.28,151.78,95.6
7/1/2016,114.19,152.35,95.89
7/5/2016,114,151.68,94.99
7/6/2016,116.7,152.37,95.53
7/7/2016,115.85,152.6,95.94
7/8/2016,117.24,154.46,96.68
7/11/2016,117.87,155.33,96.98
7/12/2016,117.93,157.04,97.42
7/13/2016,116.78,158.02,96.87
7/14/2016,117.29,160.28,98.79
7/15/2016,116.86,159.78,98.78
7/18/2016,119.37,159.86,99.83
7/19/2016,120.61,159.58,99.87
7/20/2016,121.92,161.36,99.96
7/21/2016,120.61,160.45,99.43
7/22/2016,121,162.07,98.66
7/25/2016,121.63,162.65,97.34
7/26/2016,121.22,162.12,96.67
7/27/2016,123.34,161.83,102.95
7/28/2016,125,161.37,104.34
7/29/2016,123.94,160.62,104.21
8/1/2016,124.31,161.45,106.05
8/2/2016,123.09,160.58,104.48
8/3/2016,122.51,160.67,105.79
8/4/2016,124.36,161.55,105.87
8/5/2016,125.15,163.5,107.48
8/8/2016,125.26,162.04,108.37
8/9/2016,125.06,161.77,108.81
8/10/2016,124.88,162.08,108
8/11/2016,124.9,163.53,107.93
8/12/2016,124.88,161.95,108.18
8/15/2016,123.9,161.88,109.48
8/16/2016,123.3,160.7,109.38
8/17/2016,124.37,160.44,109.22
8/18/2016,123.91,161.36,109.08
8/19/2016,123.56,160.04,109.36
8/22/2016,124.15,160,108.51
8/23/2016,124.37,160.26,108.85
8/24/2016,123.48,159.05,108.03
8/25/2016,123.89,158.63,107.57
8/26/2016,124.96,158.32,106.94
8/29/2016,126.54,159.72,106.82
8/30/2016,125.84,159.4,106
8/31/2016,126.12,158.88,106.1
9/1/2016,126.17,159.54,106.73
9/2/2016,126.51,159.55,107.73
9/6/2016,129.73,160.35,107.7
9/7/2016,131.05,161.64,108.36
9/8/2016,130.27,159,105.52
9/9/2016,127.1,155.69,103.13
9/12/2016,128.69,158.29,105.44
9/13/2016,127.21,155.81,107.95
9/14/2016,127.77,154.05,111.77
9/15/2016,128.35,155.66,115.57
9/16/2016,129.07,153.84,114.92
9/19/2016,128.65,154.87,113.58
9/20/2016,128.64,154.45,113.57
9/21/2016,129.94,155.53,113.55
9/22/2016,130.08,156.11,114.62
9/23/2016,127.96,154.98,112.71
9/26/2016,127.31,153.98,112.88
9/27/2016,128.69,156.77,113.09
9/28/2016,129.23,158.29,113.95
9/29/2016,128.09,158.11,112.18
9/30/2016,128.27,158.85,113.05
10/3/2016,128.77,157.61,112.52
10/4/2016,128.19,156.46,113
10/5/2016,128.47,157.08,113.05
10/6/2016,128.74,156.88,113.89
10/7/2016,128.99,155.67,114.06
10/10/2016,130.24,157.02,116.05
10/11/2016,128.88,154.79,116.3
10/12/2016,129.05,154.29,117.34
10/13/2016,127.82,153.72,116.98
10/14/2016,127.88,154.45,117.63
10/17/2016,127.54,154.77,117.55
10/18/2016,128.57,150.72,117.47
10/19/2016,130.11,151.26,117.12
10/20/2016,130,151.52,117.06
10/21/2016,132.07,149.63,116.6
10/24/2016,133.28,150.57,117.65
10/25/2016,132.29,150.88,118.25
10/26/2016,131.04,151.81,115.59
10/27/2016,129.69,153.35,114.48
10/28/2016,131.29,152.61,113.72
10/31/2016,130.99,153.69,113.54
11/1/2016,129.5,152.79,111.49
11/2/2016,127.17,151.95,111.59
11/3/2016,120,152.37,109.83
11/4/2016,120.75,152.43,108.84
11/7/2016,122.15,155.72,110.41
11/8/2016,124.22,155.17,111.06
11/9/2016,123.18,154.81,110.88
11/10/2016,120.8,160.22,107.79
11/11/2016,119.02,161.27,108.43
11/14/2016,115.08,158.21,105.71
11/15/2016,117.2,158.67,107.11
11/16/2016,116.34,159.29,109.99
11/17/2016,117.79,159.8,109.95
11/18/2016,117.02,160.39,110.06
11/21/2016,121.77,162.77,111.73
11/22/2016,121.47,162.67,111.8
11/23/2016,120.84,161.98,111.23
11/25/2016,120.38,163.14,111.79
